<application>
  <component name="ExportableFileTemplateSettings">
    <default_templates>
      <template name="applicationContext.xml.xml" reformat="true" live-template-enabled="true" />
    </default_templates>
    <internal_templates>
      <template name="Interface.java" reformat="true" live-template-enabled="true" enabled="true" />
      <template name="XML Properties File.xml" reformat="true" live-template-enabled="true" enabled="true" />
    </internal_templates>
  </component>
</application>